<?xml version="1.0" encoding="UTF-8"?>
<configurationDescriptor version="100">
  <logicalFolder name="root" displayName="root" projectFiles="true" kind="ROOT">
    <logicalFolder name="HeaderFiles"
                   displayName="Header Files"
                   projectFiles="true">
      <itemPath>ArbolBinario.h</itemPath>
      <itemPath>ArbolBinarioBusqueda.h</itemPath>
      <itemPath>Cola.h</itemPath>
      <itemPath>Lista.h</itemPath>
      <itemPath>Nodo.h</itemPath>
      <itemPath>NodoArbol.h</itemPath>
      <itemPath>funcionesArbolesBB.h</itemPath>
      <itemPath>funcionesArbolesBinarios.h</itemPath>
      <itemPath>funcionesCola.h</itemPath>
      <itemPath>funcionesLista.h</itemPath>
    </logicalFolder>
    <logicalFolder name="ResourceFiles"
                   displayName="Resource Files"
                   projectFiles="true">
    </logicalFolder>
    <logicalFolder name="SourceFiles"
                   displayName="Source Files"
                   projectFiles="true">
      <itemPath>ArbolBinario.cpp</itemPath>
      <itemPath>funcionesArbolesBB.cpp</itemPath>
      <itemPath>funcionesArbolesBinarios.cpp</itemPath>
      <itemPath>funcionesCola.cpp</itemPath>
      <itemPath>funcionesLista.cpp</itemPath>
      <itemPath>main.cpp</itemPath>
    </logicalFolder>
    <logicalFolder name="TestFiles"
                   displayName="Test Files"
                   projectFiles="false"
                   kind="TEST_LOGICAL_FOLDER">
    </logicalFolder>
    <logicalFolder name="ExternalFiles"
                   displayName="Important Files"
                   projectFiles="false"
                   kind="IMPORTANT_FILES_FOLDER">
      <itemPath>Makefile</itemPath>
    </logicalFolder>
  </logicalFolder>
  <projectmakefile>Makefile</projectmakefile>
  <confs>
    <conf name="Debug" type="1">
      <toolsSet>
        <compilerSet>default</compilerSet>
        <dependencyChecking>true</dependencyChecking>
        <rebuildPropChanged>false</rebuildPropChanged>
      </toolsSet>
      <compileType>
      </compileType>
      <item path="ArbolBinario.cpp" ex="false" tool="1" flavor2="0">
      </item>
      <item path="ArbolBinario.h" ex="false" tool="3" flavor2="0">
      </item>
      <item path="ArbolBinarioBusqueda.h" ex="false" tool="3" flavor2="0">
      </item>
      <item path="Cola.h" ex="false" tool="3" flavor2="0">
      </item>
      <item path="Lista.h" ex="false" tool="3" flavor2="0">
      </item>
      <item path="Nodo.h" ex="false" tool="3" flavor2="0">
      </item>
      <item path="NodoArbol.h" ex="false" tool="3" flavor2="0">
      </item>
      <item path="funcionesArbolesBB.cpp" ex="false" tool="1" flavor2="0">
      </item>
      <item path="funcionesArbolesBB.h" ex="false" tool="3" flavor2="0">
      </item>
      <item path="funcionesArbolesBinarios.cpp" ex="false" tool="1" flavor2="0">
      </item>
      <item path="funcionesArbolesBinarios.h" ex="false" tool="3" flavor2="0">
      </item>
      <item path="funcionesCola.cpp" ex="false" tool="1" flavor2="0">
      </item>
      <item path="funcionesCola.h" ex="false" tool="3" flavor2="0">
      </item>
      <item path="funcionesLista.cpp" ex="false" tool="1" flavor2="0">
      </item>
      <item path="funcionesLista.h" ex="false" tool="3" flavor2="0">
      </item>
      <item path="main.cpp" ex="false" tool="1" flavor2="0">
      </item>
    </conf>
    <conf name="Release" type="1">
      <toolsSet>
        <compilerSet>default</compilerSet>
        <dependencyChecking>true</dependencyChecking>
        <rebuildPropChanged>false</rebuildPropChanged>
      </toolsSet>
      <compileType>
        <cTool>
          <developmentMode>5</developmentMode>
        </cTool>
        <ccTool>
          <developmentMode>5</developmentMode>
        </ccTool>
        <fortranCompilerTool>
          <developmentMode>5</developmentMode>
        </fortranCompilerTool>
        <asmTool>
          <developmentMode>5</developmentMode>
        </asmTool>
      </compileType>
      <item path="ArbolBinario.cpp" ex="false" tool="1" flavor2="0">
      </item>
      <item path="ArbolBinario.h" ex="false" tool="3" flavor2="0">
      </item>
      <item path="ArbolBinarioBusqueda.h" ex="false" tool="3" flavor2="0">
      </item>
      <item path="Cola.h" ex="false" tool="3" flavor2="0">
      </item>
      <item path="Lista.h" ex="false" tool="3" flavor2="0">
      </item>
      <item path="Nodo.h" ex="false" tool="3" flavor2="0">
      </item>
      <item path="NodoArbol.h" ex="false" tool="3" flavor2="0">
      </item>
      <item path="funcionesArbolesBB.cpp" ex="false" tool="1" flavor2="0">
      </item>
      <item path="funcionesArbolesBB.h" ex="false" tool="3" flavor2="0">
      </item>
      <item path="funcionesArbolesBinarios.cpp" ex="false" tool="1" flavor2="0">
      </item>
      <item path="funcionesArbolesBinarios.h" ex="false" tool="3" flavor2="0">
      </item>
      <item path="funcionesCola.cpp" ex="false" tool="1" flavor2="0">
      </item>
      <item path="funcionesCola.h" ex="false" tool="3" flavor2="0">
      </item>
      <item path="funcionesLista.cpp" ex="false" tool="1" flavor2="0">
      </item>
      <item path="funcionesLista.h" ex="false" tool="3" flavor2="0">
      </item>
      <item path="main.cpp" ex="false" tool="1" flavor2="0">
      </item>
    </conf>
  </confs>
</configurationDescriptor>
