<?xml version="1.0" encoding="UTF-8"?>
<project-private xmlns="http://www.netbeans.org/ns/project-private/1">
    <data xmlns="http://www.netbeans.org/ns/make-project-private/1">
        <activeConfTypeElem>1</activeConfTypeElem>
        <activeConfIndexElem>0</activeConfIndexElem>
    </data>
    <editor-bookmarks xmlns="http://www.netbeans.org/ns/editor-bookmarks/2" lastBookmarkId="0"/>
    <open-files xmlns="http://www.netbeans.org/ns/projectui-open-files/2">
        <group>
            <file>file:/C:/Users/Usuario/Desktop/PUCP/CICLO%205%20(2024-1)/1INF27%20-%20Algoritmia%20y%20Estructuras%20de%20Datos/Clase%207%20-%20Arboles%20Binarios/Estudiar/YO/Lab%204%202023-2/20221299_LAB4_P1/funcionesArbolesBB.cpp</file>
            <file>file:/C:/Users/Usuario/Desktop/PUCP/CICLO%205%20(2024-1)/1INF27%20-%20Algoritmia%20y%20Estructuras%20de%20Datos/Clase%207%20-%20Arboles%20Binarios/Estudiar/YO/Lab%204%202023-2/20221299_LAB4_P1/main.cpp</file>
            <file>file:/C:/Users/Usuario/Desktop/PUCP/CICLO%205%20(2024-1)/1INF27%20-%20Algoritmia%20y%20Estructuras%20de%20Datos/Clase%207%20-%20Arboles%20Binarios/Estudiar/YO/Lab%204%202023-2/20221299_LAB4_P1/funcionesArbolesBinarios.cpp</file>
        </group>
    </open-files>
</project-private>
