<?xml version="1.0" encoding="UTF-8"?>
<project-private xmlns="http://www.netbeans.org/ns/project-private/1">
    <data xmlns="http://www.netbeans.org/ns/make-project-private/1">
        <activeConfTypeElem>1</activeConfTypeElem>
        <activeConfIndexElem>0</activeConfIndexElem>
    </data>
    <editor-bookmarks xmlns="http://www.netbeans.org/ns/editor-bookmarks/2" lastBookmarkId="0"/>
    <open-files xmlns="http://www.netbeans.org/ns/projectui-open-files/2">
        <group>
            <file>file:/C:/Users/Enzo/Desktop/PUCP/FCI/Ciclo%202024-1/Algoritmia%20y%20Estructura%20de%20Datos/Proyectos%20Algoritmia/Laboratorio%201/20220954_LAB1_P1/main.cpp</file>
        </group>
    </open-files>
</project-private>
