<?xml version="1.0" encoding="UTF-8"?>
<project-private xmlns="http://www.netbeans.org/ns/project-private/1">
    <data xmlns="http://www.netbeans.org/ns/make-project-private/1">
        <activeConfTypeElem>1</activeConfTypeElem>
        <activeConfIndexElem>0</activeConfIndexElem>
    </data>
    <editor-bookmarks xmlns="http://www.netbeans.org/ns/editor-bookmarks/2" lastBookmarkId="0"/>
    <open-files xmlns="http://www.netbeans.org/ns/projectui-open-files/2">
        <group>
            <file>file:/D:/Videos/Alienc/4.%20EX1/CLASE%202/PREGUNTA3_EX01_2022_2/listaSimple.h</file>
            <file>file:/D:/Videos/Alienc/4.%20EX1/CLASE%202/PREGUNTA3_EX01_2022_2/listaSimple.cpp</file>
            <file>file:/D:/Videos/Alienc/4.%20EX1/CLASE%202/PREGUNTA3_EX01_2022_2/cola.h</file>
            <file>file:/D:/Videos/Alienc/4.%20EX1/CLASE%202/PREGUNTA3_EX01_2022_2/cola.cpp</file>
            <file>file:/D:/Videos/Alienc/4.%20EX1/CLASE%202/PREGUNTA3_EX01_2022_2/main.cpp</file>
        </group>
    </open-files>
</project-private>
