<?xml version="1.0" encoding="UTF-8"?>
<configurationDescriptor version="100">
  <logicalFolder name="root" displayName="root" projectFiles="true" kind="ROOT">
    <logicalFolder name="HeaderFiles"
                   displayName="Header Files"
                   projectFiles="true">
    </logicalFolder>
    <logicalFolder name="ResourceFiles"
                   displayName="Resource Files"
                   projectFiles="true">
      <itemPath>D:/Users/alulab14/Downloads/ArbolesBinarios_PilasYColas/ArbolesBinarios_PilasYColas/ArbolBinario.h</itemPath>
      <itemPath>D:/Users/alulab14/Downloads/ArbolesBinarios_PilasYColas/ArbolesBinarios_PilasYColas/ArbolesBinariosConPilasYColas.h</itemPath>
      <itemPath>D:/Users/alulab14/Downloads/ArbolesBinarios_PilasYColas/ArbolesBinarios_PilasYColas/Cola.h</itemPath>
      <itemPath>D:/Users/alulab14/Downloads/ArbolesBinarios_PilasYColas/ArbolesBinarios_PilasYColas/Lista.h</itemPath>
      <itemPath>D:/Users/alulab14/Downloads/ArbolesBinarios_PilasYColas/ArbolesBinarios_PilasYColas/Nodo.h</itemPath>
      <itemPath>D:/Users/alulab14/Downloads/ArbolesBinarios_PilasYColas/ArbolesBinarios_PilasYColas/NodoArbol.h</itemPath>
      <itemPath>D:/Users/alulab14/Downloads/ArbolesBinarios_PilasYColas/ArbolesBinarios_PilasYColas/Pila.h</itemPath>
      <itemPath>D:/Users/alulab14/Downloads/ArbolesBinarios_PilasYColas/ArbolesBinarios_PilasYColas/funcionesArbolesBinarios.cpp</itemPath>
      <itemPath>D:/Users/alulab14/Downloads/ArbolesBinarios_PilasYColas/ArbolesBinarios_PilasYColas/funcionesArbolesBinarios.h</itemPath>
      <itemPath>D:/Users/alulab14/Downloads/ArbolesBinarios_PilasYColas/ArbolesBinarios_PilasYColas/funcionesCola.cpp</itemPath>
      <itemPath>D:/Users/alulab14/Downloads/ArbolesBinarios_PilasYColas/ArbolesBinarios_PilasYColas/funcionesCola.h</itemPath>
      <itemPath>D:/Users/alulab14/Downloads/ArbolesBinarios_PilasYColas/ArbolesBinarios_PilasYColas/funcionesLista.cpp</itemPath>
      <itemPath>D:/Users/alulab14/Downloads/ArbolesBinarios_PilasYColas/ArbolesBinarios_PilasYColas/funcionesLista.h</itemPath>
      <itemPath>D:/Users/alulab14/Downloads/ArbolesBinarios_PilasYColas/ArbolesBinarios_PilasYColas/funcionesPila.cpp</itemPath>
      <itemPath>D:/Users/alulab14/Downloads/ArbolesBinarios_PilasYColas/ArbolesBinarios_PilasYColas/funcionesPila.h</itemPath>
    </logicalFolder>
    <logicalFolder name="SourceFiles"
                   displayName="Source Files"
                   projectFiles="true">
      <itemPath>main.cpp</itemPath>
    </logicalFolder>
    <logicalFolder name="TestFiles"
                   displayName="Test Files"
                   projectFiles="false"
                   kind="TEST_LOGICAL_FOLDER">
    </logicalFolder>
    <logicalFolder name="ExternalFiles"
                   displayName="Important Files"
                   projectFiles="false"
                   kind="IMPORTANT_FILES_FOLDER">
      <itemPath>Makefile</itemPath>
    </logicalFolder>
  </logicalFolder>
  <sourceRootList>
    <Elem>D:/Users/alulab14/Downloads/ArbolesBinarios_PilasYColas/ArbolesBinarios_PilasYColas</Elem>
  </sourceRootList>
  <projectmakefile>Makefile</projectmakefile>
  <confs>
    <conf name="Debug" type="1">
      <toolsSet>
        <compilerSet>default</compilerSet>
        <dependencyChecking>true</dependencyChecking>
        <rebuildPropChanged>false</rebuildPropChanged>
      </toolsSet>
      <compileType>
      </compileType>
      <item path="D:/Users/alulab14/Downloads/ArbolesBinarios_PilasYColas/ArbolesBinarios_PilasYColas/ArbolBinario.h"
            ex="false"
            tool="3"
            flavor2="0">
      </item>
      <item path="D:/Users/alulab14/Downloads/ArbolesBinarios_PilasYColas/ArbolesBinarios_PilasYColas/ArbolesBinariosConPilasYColas.h"
            ex="false"
            tool="3"
            flavor2="0">
      </item>
      <item path="D:/Users/alulab14/Downloads/ArbolesBinarios_PilasYColas/ArbolesBinarios_PilasYColas/Cola.h"
            ex="false"
            tool="3"
            flavor2="0">
      </item>
      <item path="D:/Users/alulab14/Downloads/ArbolesBinarios_PilasYColas/ArbolesBinarios_PilasYColas/Lista.h"
            ex="false"
            tool="3"
            flavor2="0">
      </item>
      <item path="D:/Users/alulab14/Downloads/ArbolesBinarios_PilasYColas/ArbolesBinarios_PilasYColas/Nodo.h"
            ex="false"
            tool="3"
            flavor2="0">
      </item>
      <item path="D:/Users/alulab14/Downloads/ArbolesBinarios_PilasYColas/ArbolesBinarios_PilasYColas/NodoArbol.h"
            ex="false"
            tool="3"
            flavor2="0">
      </item>
      <item path="D:/Users/alulab14/Downloads/ArbolesBinarios_PilasYColas/ArbolesBinarios_PilasYColas/Pila.h"
            ex="false"
            tool="3"
            flavor2="0">
      </item>
      <item path="D:/Users/alulab14/Downloads/ArbolesBinarios_PilasYColas/ArbolesBinarios_PilasYColas/funcionesArbolesBinarios.cpp"
            ex="false"
            tool="1"
            flavor2="0">
      </item>
      <item path="D:/Users/alulab14/Downloads/ArbolesBinarios_PilasYColas/ArbolesBinarios_PilasYColas/funcionesArbolesBinarios.h"
            ex="false"
            tool="3"
            flavor2="0">
      </item>
      <item path="D:/Users/alulab14/Downloads/ArbolesBinarios_PilasYColas/ArbolesBinarios_PilasYColas/funcionesCola.cpp"
            ex="false"
            tool="1"
            flavor2="0">
      </item>
      <item path="D:/Users/alulab14/Downloads/ArbolesBinarios_PilasYColas/ArbolesBinarios_PilasYColas/funcionesCola.h"
            ex="false"
            tool="3"
            flavor2="0">
      </item>
      <item path="D:/Users/alulab14/Downloads/ArbolesBinarios_PilasYColas/ArbolesBinarios_PilasYColas/funcionesLista.cpp"
            ex="false"
            tool="1"
            flavor2="0">
      </item>
      <item path="D:/Users/alulab14/Downloads/ArbolesBinarios_PilasYColas/ArbolesBinarios_PilasYColas/funcionesLista.h"
            ex="false"
            tool="3"
            flavor2="0">
      </item>
      <item path="D:/Users/alulab14/Downloads/ArbolesBinarios_PilasYColas/ArbolesBinarios_PilasYColas/funcionesPila.cpp"
            ex="false"
            tool="1"
            flavor2="0">
      </item>
      <item path="D:/Users/alulab14/Downloads/ArbolesBinarios_PilasYColas/ArbolesBinarios_PilasYColas/funcionesPila.h"
            ex="false"
            tool="3"
            flavor2="0">
      </item>
      <item path="main.cpp" ex="false" tool="1" flavor2="0">
      </item>
    </conf>
    <conf name="Release" type="1">
      <toolsSet>
        <compilerSet>default</compilerSet>
        <dependencyChecking>true</dependencyChecking>
        <rebuildPropChanged>false</rebuildPropChanged>
      </toolsSet>
      <compileType>
        <cTool>
          <developmentMode>5</developmentMode>
        </cTool>
        <ccTool>
          <developmentMode>5</developmentMode>
        </ccTool>
        <fortranCompilerTool>
          <developmentMode>5</developmentMode>
        </fortranCompilerTool>
        <asmTool>
          <developmentMode>5</developmentMode>
        </asmTool>
      </compileType>
      <item path="D:/Users/alulab14/Downloads/ArbolesBinarios_PilasYColas/ArbolesBinarios_PilasYColas/ArbolBinario.h"
            ex="false"
            tool="3"
            flavor2="0">
      </item>
      <item path="D:/Users/alulab14/Downloads/ArbolesBinarios_PilasYColas/ArbolesBinarios_PilasYColas/ArbolesBinariosConPilasYColas.h"
            ex="false"
            tool="3"
            flavor2="0">
      </item>
      <item path="D:/Users/alulab14/Downloads/ArbolesBinarios_PilasYColas/ArbolesBinarios_PilasYColas/Cola.h"
            ex="false"
            tool="3"
            flavor2="0">
      </item>
      <item path="D:/Users/alulab14/Downloads/ArbolesBinarios_PilasYColas/ArbolesBinarios_PilasYColas/Lista.h"
            ex="false"
            tool="3"
            flavor2="0">
      </item>
      <item path="D:/Users/alulab14/Downloads/ArbolesBinarios_PilasYColas/ArbolesBinarios_PilasYColas/Nodo.h"
            ex="false"
            tool="3"
            flavor2="0">
      </item>
      <item path="D:/Users/alulab14/Downloads/ArbolesBinarios_PilasYColas/ArbolesBinarios_PilasYColas/NodoArbol.h"
            ex="false"
            tool="3"
            flavor2="0">
      </item>
      <item path="D:/Users/alulab14/Downloads/ArbolesBinarios_PilasYColas/ArbolesBinarios_PilasYColas/Pila.h"
            ex="false"
            tool="3"
            flavor2="0">
      </item>
      <item path="D:/Users/alulab14/Downloads/ArbolesBinarios_PilasYColas/ArbolesBinarios_PilasYColas/funcionesArbolesBinarios.cpp"
            ex="false"
            tool="1"
            flavor2="0">
      </item>
      <item path="D:/Users/alulab14/Downloads/ArbolesBinarios_PilasYColas/ArbolesBinarios_PilasYColas/funcionesArbolesBinarios.h"
            ex="false"
            tool="3"
            flavor2="0">
      </item>
      <item path="D:/Users/alulab14/Downloads/ArbolesBinarios_PilasYColas/ArbolesBinarios_PilasYColas/funcionesCola.cpp"
            ex="false"
            tool="1"
            flavor2="0">
      </item>
      <item path="D:/Users/alulab14/Downloads/ArbolesBinarios_PilasYColas/ArbolesBinarios_PilasYColas/funcionesCola.h"
            ex="false"
            tool="3"
            flavor2="0">
      </item>
      <item path="D:/Users/alulab14/Downloads/ArbolesBinarios_PilasYColas/ArbolesBinarios_PilasYColas/funcionesLista.cpp"
            ex="false"
            tool="1"
            flavor2="0">
      </item>
      <item path="D:/Users/alulab14/Downloads/ArbolesBinarios_PilasYColas/ArbolesBinarios_PilasYColas/funcionesLista.h"
            ex="false"
            tool="3"
            flavor2="0">
      </item>
      <item path="D:/Users/alulab14/Downloads/ArbolesBinarios_PilasYColas/ArbolesBinarios_PilasYColas/funcionesPila.cpp"
            ex="false"
            tool="1"
            flavor2="0">
      </item>
      <item path="D:/Users/alulab14/Downloads/ArbolesBinarios_PilasYColas/ArbolesBinarios_PilasYColas/funcionesPila.h"
            ex="false"
            tool="3"
            flavor2="0">
      </item>
      <item path="main.cpp" ex="false" tool="1" flavor2="0">
      </item>
    </conf>
  </confs>
</configurationDescriptor>
