<?xml version="1.0" encoding="UTF-8"?>
<project-private xmlns="http://www.netbeans.org/ns/project-private/1">
    <data xmlns="http://www.netbeans.org/ns/make-project-private/1">
        <activeConfTypeElem>1</activeConfTypeElem>
        <activeConfIndexElem>0</activeConfIndexElem>
    </data>
    <editor-bookmarks xmlns="http://www.netbeans.org/ns/editor-bookmarks/2" lastBookmarkId="0"/>
    <open-files xmlns="http://www.netbeans.org/ns/projectui-open-files/2">
        <group>
            <file>file:/C:/Users/margo/OneDrive/Escritorio/Algoritmia/repaso/listas,%20pilas,%20colas/prioridad%20-%20colas/funcionesCola.cpp</file>
            <file>file:/C:/Users/margo/OneDrive/Escritorio/Algoritmia/repaso/listas,%20pilas,%20colas/prioridad%20-%20colas/Pila.h</file>
            <file>file:/C:/Users/margo/OneDrive/Escritorio/Algoritmia/repaso/listas,%20pilas,%20colas/prioridad%20-%20colas/funcionesLista.cpp</file>
            <file>file:/C:/Users/margo/OneDrive/Escritorio/Algoritmia/repaso/listas,%20pilas,%20colas/prioridad%20-%20colas/Lista.h</file>
            <file>file:/C:/Users/margo/OneDrive/Escritorio/Algoritmia/repaso/listas,%20pilas,%20colas/prioridad%20-%20colas/funcionesPila.cpp</file>
            <file>file:/C:/Users/margo/OneDrive/Escritorio/Algoritmia/repaso/listas,%20pilas,%20colas/prioridad%20-%20colas/funcionesPila.h</file>
            <file>file:/C:/Users/margo/OneDrive/Escritorio/Algoritmia/repaso/listas,%20pilas,%20colas/prioridad%20-%20colas/funcionesCola.h</file>
            <file>file:/C:/Users/margo/OneDrive/Escritorio/Algoritmia/repaso/listas,%20pilas,%20colas/prioridad%20-%20colas/funcionesLista.h</file>
            <file>file:/C:/Users/margo/OneDrive/Escritorio/Algoritmia/repaso/listas,%20pilas,%20colas/prioridad%20-%20colas/main.cpp</file>
        </group>
    </open-files>
</project-private>
